{"designerVersion":"1.0.2","favorite":false,"id":"customLivingApplicationIFrame","name":"livingApplicationIFrame","lastUpdate":1450709594008,"template":"<iframe width=\"100%\" style=\"border: 0\" scrolling=\"no\" ng-src=\"{{secureUrl()}}\"></iframe>","controller":"function WidgetlivingApplicationIFrameController($scope, $element, $interval, $sce) {\n    var iframe = $element.find('iframe')[0];\n    \n    var polling = $interval(function() {\n        if(iframe.contentDocument.documentElement){\n\t\t\tiframe.style.height = (iframe.contentDocument.documentElement.scrollHeight || 400) + \"px\";\n\t\t}\n    }, 100);\n    \n    $scope.$on('$destroy', function() {\n        $interval.cancel(polling);\n    });\n    \n    $scope.secureUrl = function() {\n        return $sce.trustAsResourceUrl($scope.properties.src);\n    }\n}","description":"IFrame to display the pages targeted by the LivingApplicationMenu.","custom":true,"properties":[{"label":"Source","name":"src","type":"text","bond":"expression"}],"assets":[]}